<?xml version="1.0" encoding="UTF-8"?>
<addon id="plugin.video.sport365.live" name="Sport365 (MOD by Teco)" version="2.5.0" provider-name="Bugatsinho">
    <requires>
        <import addon="xbmc.python" version="2.1.0"/>
        <import addon="script.module.requests" version="2.19.1"/>
        <import addon="plugin.video.f4mTester" />
    </requires>
    <extension point="xbmc.python.pluginsource" library="main.py">
        <provides>video</provides>
    </extension>
  <extension point="xbmc.addon.metadata">
    <summary lang="es">Sport365 (MOD by Teco)no es ningun proyecto nuevo solo es un Mod que mejora un poco la version original al cual pertenece todo este trabajo.</summary>
    <description lang="es">Sport365 Mod by Teco Fork de la version 2.4.1</description>
    <disclaimer lang="es">Sport365, Livesportstreams, Deportes247.</disclaimer>
    <language>en</language>
    <platform>all</platform>
    <license>GNU GENERAL PUBLIC LICENSE. Version 2, June 1991</license>
    <website>https://bugatsinho.github.io</website>
    <twitter>@bugatsinho</twitter>
  <assets>
    <icon>icon.png</icon>
    <fanart>fanart.png</fanart>
  </assets>
  <news>
  </news>
  </extension>
</addon>