<?xml version="1.0" encoding="UTF-8" standalone="yes"?>
<addon id="script.kodispeedtest"
       name="Test de Velocidad"
       version="0.0.5"
       provider-name="[COLOR lime]Catoal[/COLOR]">
  <requires>
    <import addon="xbmc.python" version="2.1.0"/>
  </requires>
  <extension point="xbmc.python.script"
             library="default.py">
        <provides>video executable</provides>
  </extension>
  <extension point="xbmc.addon.metadata">
    <summary lang="en">Test de velocidad</summary>
    <description lang="en"></description>
    <platform>all</platform>
  </extension>
</addon>
