<?xml version="1.0" encoding="UTF-8" standalone="yes"?>
<addon id="plugin.video.anwizard"
	   name="AnWizard" 
	   version="1.0.0" 
	   provider-name="Cakaab">
  <requires>
    <import addon="xbmc.python" version="2.1.0"/>
  </requires>
  <extension point="xbmc.python.pluginsource" library="default.py">
        <provides>executable</provides>
  </extension>
  <extension point="xbmc.addon.metadata">
    <summary>AnWizard</summary>
    <description>Instalador inteligente que ayuda a configurar tu Kodi correctamente</description>
    <platform>all</platform>
  </extension>
</addon>
